0,1,2,3,4
_xinzhi, 11h,@daynaatan @jadeaw_ @yinhuin ğŸ«¶ğŸ»,Reply,
chxryll_, 1d,@ljm.jpg @audrie.desu @jam.ie_ ğŸ‘€ğŸ‘€,Reply,
aa.udreyt_, 1d,@ji4xin_ @varelynnn.wq @melly_beanzzz,Reply,
hrroyz, 9h,@weelin_n @dilys29 @constaaaancee,Reply,
lenny.ang23, 14h,@naaadeline @angeliaaangg @yunis_yid â¤ï¸,Reply,
zinarita1, 1d,@coralcarol_coleslaw @ccaandicceee @sora.lovingyoga hope to win! â¤ï¸,Reply,
meereedeethe, 1d,@xinhuiiii @amychoon @cthhhhhh,Reply,
shea.adn, 1d,@ssf40e @nrezzatee @n.iiraa ğŸ’,Reply,
eggsoupverynice, 1d,@huejxy @puffymochiii @hxmilktea,Reply,
charmainecps_, 1d,@_crystallarhs_ @bysharice @fonggkayy,Reply,
nataliee.koh, 12h,@tjyingx @kyushu.white @jorin.seahh,1 like,Reply
michelleang33, 6h,@jessica_williama__77,Reply,
peachyisbitchy, 1d,@sxtyen @ewvanz @haydontbemin,Reply,
michelleang33, 6h,@nixlxin,Reply,
